<?xml version="1.0" encoding="UTF-8"?>
<beans xmlns="http://www.springframework.org/schema/beans"
	xmlns:xsi="http://www.w3.org/2001/XMLSchema-instance"
	xmlns:context="http://www.springframework.org/schema/context"
	xmlns:tx="http://www.springframework.org/schema/tx"
	xsi:schemaLocation="http://www.springframework.org/schema/beans http://www.springframework.org/schema/beans/spring-beans.xsd
		http://www.springframework.org/schema/context http://www.springframework.org/schema/context/spring-context.xsd
		http://www.springframework.org/schema/tx http://www.springframework.org/schema/tx/spring-tx-4.3.xsd">

	<!-- Loading annotated beans -->
	<context:component-scan base-package="com.lti.bank"></context:component-scan>
	
	<!-- DataSource Configuration -->
    <bean id="ds1"
        class="org.springframework.jdbc.datasource.DriverManagerDataSource">
        <property name="driverClassName" value="oracle.jdbc.driver.OracleDriver" />
        <property name="url" value="jdbc:oracle:thin:@localhost:1521:xe" />
        <property name="username" value="hr" />
        <property name="password" value="Newuser123" />
    </bean>
    
    <!-- This bean will create EntityManagerFactory object for us
    	   No need of META_INF/persistence.xml as all the settings required for 
    	   Hibernate or ORM will be done hre itself  -->
    	   
    <bean id="myEmf"
     class="org.springframework.orm.jpa.LocalContainerEntityManagerFactoryBean">
       <property name="dataSource" ref="ds1" />															
       <property name="packagesToScan" value="com.lti.bank.entity" />	<!--Location of @Entity Classes  -->
       <property name="jpaVendorAdapter">
           <bean class="org.springframework.orm.jpa.vendor.HibernateJpaVendorAdapter" />
       </property>
       <property name="jpaProperties">
          <props>
              <prop key="hibernate.hbm2ddl.auto">update</prop>
             <prop key="hibernate.show_sql">true</prop>
             <prop key="hibernate.id.new_generator_mappings">true</prop>
          </props>
       </property>
   </bean>
     
     <bean id="transactionManager"
     class="org.springframework.orm.jpa.JpaTransactionManager">
       <property name="entityManagerFactory" ref="myEmf" />
   </bean>
   <tx:annotation-driven />
   
<!--    <bean id="filterChainProxy" class="org.springframework.security.web.FilterChainProxy">
  <sec:filter-chain-map path-type="ant">
     <sec:filter-chain pattern="/webServices/**" filters="none,
           securityContextPersistenceFilterWithASCFalse,
           basicAuthenticationFilter,
           exceptionTranslationFilter,
           filterSecurityInterceptor" />
     <sec:filter-chain pattern="/**" filters="
           securityContextPersistenceFilterWithASCTrue,
           formLoginFilter,
           exceptionTranslationFilter,
           filterSecurityInterceptor" />
  </sec:filter-chain-map>
</bean> -->
    
    
</beans>

